INVOICE_NO,INVOICE_DATE,CUSTOMER_NUMBER,INVOICE_TOTAL,CREDIT_LIMIT,DUE_DATE,AUTHORIZED,AR_CLERK,CASH_RECEIPTS_CLERK,GL_ACCOUNTING
566054,02/04/2021,100184,244.24,5000,03/06/2021,Yes,HMK,FKL,CT
566187,05/21/2021,100122,995.44,1000,06/20/2021,Yes,HMK,SG,MB
566241,06/30/2021,100267,2057.83,5000,07/30/2021,Yes,HMK,FKL,CT
566245,07/28/2021,100140,11.95,5000,08/27/2021,Yes,HMK,FKL,CT
566263,08/17/2021,100140,1984.19,5000,09/16/2021,Yes,NCS,FKL,CT
566265,08/17/2021,100248,2904.82,5000,09/16/2021,Yes,HMK,FKL,CT
566273,08/21/2021,100301,4837.02,5000,09/20/2021,Yes,HMK,SG,MB
566288,08/27/2021,100344,642.59,5000,09/26/2021,Yes,HMK,FKL,CT
566289,08/28/2021,100235,339.94,500,09/27/2021,Yes,HMK,FKL,CT
566297,08/31/2021,100133,1181.21,5000,11/29/2021,Yes,HMK,FKL,CT
566302,09/02/2021,100327,1347.56,5000,10/02/2021,Yes,HMK,SG,CT
566303,09/02/2021,100140,1276.29,5000,12/01/2021,Yes,HMK,FKL,CT
566305,09/02/2021,100272,2249.53,5000,10/02/2021,Yes,HMK,FKL,CT
566307,09/02/2021,100272,898.13,500,12/01/2021,Yes,HMK,FKL,CT
566308,09/02/2021,100329,1205.28,5000,10/02/2021,Yes,NCS,FKL,MB
566309,09/02/2021,100140,4815.91,5000,10/02/2021,Yes,HMK,FKL,CT
566310,09/02/2021,100290,1728.27,5000,12/01/2021,Yes,HMK,FKL,CT
566310,09/02/2021,100145,1093.66,5000,12/01/2021,Yes,HMK,FKL,CT
566312,09/03/2021,100312,1391.08,5000,10/03/2021,Yes,HMK,FKL,CT
566313,09/03/2021,100140,1276.29,5000,12/02/2021,Yes,HMK,SG,MB
566314,09/03/2021,100191,1257.59,5000,10/03/2021,Yes,HMK,FKL,MB
566316,09/03/2021,100129,5975.29,5000,10/03/2021,Yes,NCS,SG,CT
566317,09/03/2021,100189,829.95,5000,12/02/2021,Yes,NCS,FKL,CT
566318,09/03/2021,100140,4905.09,5000,10/03/2021,Yes,HMK,FKL,HMK
566319,09/03/2021,100241,1640.98,5000,12/02/2021,Yes,HMK,FKL,CT
566320,09/03/2021,100140,2943.05,5000,10/03/2021,Yes,HMK,SG,HMK
566321,09/03/2021,100143,1914.42,5000,12/02/2021,Yes,NCS,FKL,CT
566322,09/04/2021,100346,729.26,5000,12/03/2021,Yes,HMK,FKL,CT
566323,09/04/2021,100140,1276.29,5000,12/03/2021,Yes,HMK,FKL,MB
566324,09/04/2021,100175,564.66,5000,12/03/2021,Yes,HMK,FKL,CT
566325,09/04/2021,100230,1605.3,5000,10/04/2021,Yes,HMK,SG,MB
566326,09/04/2021,100198,893.85,5000,12/03/2021,Yes,HMK,FKL,CT
566328,09/04/2021,100140,3924.07,5000,10/04/2021,Yes,HMK,FKL,CT
566329,09/04/2021,100180,1605.3,5000,10/04/2021,Yes,HMK,FKL,CT
566332,09/08/2021,100326,505.86,5000,10/08/2021,Yes,HMK,SG,CT
566333,09/08/2021,100227,4013.25,5000,10/08/2021,Yes,HMK,FKL,CT
566334,09/08/2021,100280,3190.71,5000,12/07/2021,Yes,HMK,FKL,CT
566335,09/08/2021,100255,1197.23,5000,10/08/2021,Yes,HMK,FKL,MB
566336,09/09/2021,100339,7491.41,5000,10/09/2021,No,HMK,SG,HMK
566337,09/09/2021,100246,1978.16,5000,10/09/2021,Yes,NCS,FKL,CT
566338,09/09/2021,100116,638.6,5000,10/09/2021,Yes,HMK,FKL,MB
566339,09/09/2021,100273,1866.32,5000,12/08/2021,Yes,HMK,SG,CT
566340,09/10/2021,100302,279.03,500,10/10/2021,Yes,HMK,FKL,CT
566341,09/10/2021,100327,34.59,5000,10/10/2021,Yes,HMK,FKL,CT
566342,09/11/2021,100306,1605.3,5000,10/11/2021,Yes,NCS,FKL,CT
566347,09/14/2021,100222,1605.3,5000,10/14/2021,Yes,HMK,FKL,MB
566349,09/14/2021,100210,1248.51,5000,10/14/2021,Yes,HMK,FKL,CT
566350,09/14/2021,100180,922.13,5000,10/14/2021,Yes,HMK,FKL,MB
566351,09/14/2021,100216,699.31,5000,10/14/2021,Yes,HMK,FKL,MB
566352,09/14/2021,100190,4255.82,5000,12/13/2021,Yes,HMK,FKL,CT
566352,09/14/2021,100125,2391.47,5000,12/13/2021,Yes,HMK,FKL,CT
566354,09/14/2021,100104,470.56,5000,12/13/2021,Yes,HMK,SG,MB
566355,09/14/2021,100339,831.11,5000,12/13/2021,Yes,HMK,SG,MB
566356,09/14/2021,100264,1978.32,5000,12/13/2021,Yes,HMK,FKL,CT
566357,09/15/2021,100258,1000.88,5000,12/14/2021,Yes,HMK,FKL,CT
566357,09/15/2021,100299,1605.3,5000,10/15/2021,Yes,HMK,FKL,MB
566357,09/15/2021,100332,2369.95,5000,12/14/2021,Yes,NCS,FKL,CT
566360,09/15/2021,100213,831.11,5000,12/14/2021,Yes,HMK,FKL,MB
566363,09/16/2021,100223,3781.62,5000,12/15/2021,Yes,HMK,FKL,MB
566364,09/16/2021,100257,1058.68,5000,12/15/2021,Yes,NCS,FKL,CT
566365,09/16/2021,100179,717.39,5000,10/16/2021,Yes,NCS,SG,CT
566366,09/16/2021,100167,582.92,5000,10/16/2021,Yes,HMK,FKL,CT
566368,09/18/2021,100140,1276.29,5000,12/17/2021,Yes,HMK,SG,CT
566370,09/18/2021,100223,799.77,5000,10/18/2021,Yes,NCS,FKL,MB
566374,09/21/2021,100236,282.33,5000,12/20/2021,Yes,NCS,FKL,CT
566375,09/22/2021,100284,1886.11,5000,12/21/2021,Yes,HMK,FKL,CT
566376,09/22/2021,100126,697.01,5000,10/22/2021,Yes,HMK,FKL,MB
566377,09/22/2021,100345,652.87,5000,10/22/2021,Yes,HMK,FKL,CT
566379,09/22/2021,100293,944.88,5000,12/21/2021,Yes,HMK,SG,CT
566381,09/23/2021,100273,410.39,5000,10/23/2021,Yes,HMK,FKL,MB
566382,09/23/2021,100140,1276.29,5000,12/22/2021,Yes,HMK,FKL,MB
566383,09/23/2021,100132,838.35,5000,12/22/2021,Yes,HMK,SG,CT
566384,09/23/2021,100309,3236.37,5000,12/22/2021,Yes,NCS,FKL,MB
566385,09/23/2021,100216,2793.33,5000,12/22/2021,Yes,NCS,FKL,MB
566386,09/23/2021,100152,1093.85,2000,10/23/2021,Yes,HMK,FKL,CT
566387,09/23/2021,100268,1518.44,5000,12/22/2021,Yes,HMK,FKL,CT
566388,09/24/2021,100117,69.38,500,10/24/2021,Yes,HMK,FKL,CT
566389,09/24/2021,100305,829.95,4000,12/23/2021,Yes,NCS,FKL,MB
566391,09/24/2021,100140,1666.31,5000,12/23/2021,Yes,HMK,SG,CT
566392,09/25/2021,100140,1798.83,5000,10/25/2021,Yes,HMK,FKL,CT
566397,09/28/2021,100257,529.52,5000,10/28/2021,Yes,HMK,FKL,MB
566398,09/28/2021,100173,587.52,5000,10/28/2021,Yes,HMK,FKL,MB
566399,09/28/2021,100170,943.08,5000,12/27/2021,Yes,NCS,FKL,CT
566400,09/29/2021,100145,622.46,5000,10/29/2021,Yes,HMK,SG,CT
566401,09/29/2021,100343,73.63,5000,10/29/2021,Yes,HMK,FKL,CT
566403,09/29/2021,100166,858.83,5000,10/29/2021,Yes,HMK,FKL,CT
566404,09/29/2021,100289,1783.67,2000,10/29/2021,Yes,HMK,FKL,CT
566407,09/30/2021,100240,1445.74,2000,10/30/2021,Yes,HMK,FKL,CT
566408,09/30/2021,100223,258.15,5000,10/30/2021,Yes,HMK,FKL,CT
566410,09/30/2021,100188,994.6,5000,12/29/2021,Yes,NCS,FKL,MB
566411,09/30/2021,100143,1138.66,5000,10/30/2021,Yes,HMK,FKL,MB
566412,09/30/2021,100113,1956.87,5000,10/30/2021,Yes,HMK,FKL,CT
566413,09/30/2021,100140,2591.43,5000,12/29/2021,Yes,HMK,SG,CT
566416,10/02/2021,100320,43.32,5000,11/01/2021,Yes,NCS,FKL,MB
566417,10/02/2021,100207,2174.89,5000,11/01/2021,Yes,HMK,FKL,HMK
566423,10/05/2021,100291,629.75,5000,11/04/2021,Yes,HMK,FKL,CT
566424,10/05/2021,100140,1605.3,5000,11/04/2021,Yes,HMK,FKL,MB
566425,10/05/2021,100140,1610.28,5000,11/04/2021,Yes,HMK,FKL,CT
566427,10/05/2021,100109,1605.3,5000,11/04/2021,Yes,HMK,SG,MB
566428,10/05/2021,100197,510.91,5000,11/04/2021,Yes,HMK,SG,CT
566429,10/05/2021,100246,1322.45,5000,11/04/2021,Yes,HMK,FKL,CT
566430,10/05/2021,100148,1167.89,5000,11/04/2021,Yes,NCS,FKL,MB
566431,10/05/2021,100255,1002.71,5000,11/04/2021,Yes,HMK,FKL,CT
566432,10/05/2021,100208,610.96,5000,11/04/2021,Yes,HMK,FKL,CT
566433,10/05/2021,100189,430.41,5000,11/04/2021,Yes,HMK,FKL,CT
566434,10/05/2021,100330,342.5,5000,11/04/2021,Yes,HMK,HMK,CT
566435,10/06/2021,100188,1694.48,5000,11/05/2021,Yes,HMK,FKL,MB
566437,10/06/2021,100293,426.82,5000,11/05/2021,Yes,NCS,FKL,CT
566438,10/06/2021,100241,1248.57,5000,11/05/2021,Yes,HMK,FKL,CT
566439,10/06/2021,100176,1605.3,5000,11/05/2021,Yes,HMK,FKL,CT
566440,10/06/2021,100140,2407.95,5000,11/05/2021,Yes,HMK,SG,CT
566441,10/06/2021,100197,679.4,5000,11/05/2021,Yes,NCS,FKL,MB
566442,10/06/2021,100202,2645.03,10000,11/05/2021,Yes,HMK,FKL,CT
566443,10/06/2021,100202,14.72,10000,11/05/2021,Yes,NCS,FKL,MB
566444,10/06/2021,100261,198.95,5000,11/05/2021,Yes,HMK,FKL,CT
566445,10/07/2021,100321,1605.3,5000,11/06/2021,Yes,NCS,FKL,CT
566446,10/07/2021,100228,74.28,5000,11/06/2021,Yes,HMK,FKL,CT
566448,10/07/2021,100257,1996.88,5000,11/06/2021,Yes,NCS,FKL,MB
566449,10/08/2021,100348,848.39,2000,11/07/2021,Yes,NCS,FKL,CT
566450,10/08/2021,100165,1019.61,5000,11/07/2021,Yes,NCS,FKL,MB
566451,10/08/2021,100140,448.21,5000,11/07/2021,Yes,HMK,FKL,CT
566452,10/08/2021,100316,2561.4,5000,11/07/2021,Yes,HMK,SG,CT
566454,10/08/2021,100258,1605.3,5000,11/07/2021,Yes,HMK,FKL,CT
566456,10/09/2021,100307,338.44,5000,11/08/2021,Yes,HMK,FKL,CT
566457,10/09/2021,100239,619.06,5000,11/08/2021,Yes,HMK,SG,CT
566462,10/14/2021,100293,1588.75,5000,11/13/2021,Yes,HMK,FKL,CT
566463,10/14/2021,100259,1418.09,5000,11/13/2021,Yes,HMK,FKL,CT
566464,10/14/2021,100129,1134.49,5000,11/13/2021,Yes,HMK,FKL,CT
566465,10/14/2021,100141,54.32,500,11/13/2021,Yes,NCS,FKL,MB
566466,10/14/2021,100145,63.91,5000,11/13/2021,Yes,HMK,FKL,CT
566467,10/14/2021,100260,1561.46,5000,11/13/2021,No,HMK,FKL,HMK
566468,10/14/2021,100264,784.17,5000,11/13/2021,Yes,NCS,FKL,MB
566469,10/14/2021,100306,1605.3,5000,11/13/2021,Yes,HMK,SG,CT
566471,10/15/2021,100140,1701.53,5000,11/14/2021,Yes,HMK,FKL,MB
566473,10/15/2021,100305,833.5,4000,11/14/2021,Yes,HMK,FKL,CT
566474,10/15/2021,100175,935.59,5000,11/14/2021,Yes,HMK,FKL,CT
566475,10/15/2021,100278,304.92,1000,11/14/2021,Yes,NCS,SG,CT
566476,10/16/2021,100197,797.8,5000,11/15/2021,Yes,NCS,FKL,MB
566478,10/16/2021,100206,422.91,5000,11/15/2021,Yes,HMK,SG,CT
566479,10/16/2021,100140,2760.51,5000,11/15/2021,Yes,HMK,FKL,CT
566482,10/19/2021,100140,836.92,5000,11/18/2021,Yes,HMK,FKL,MB
566483,10/19/2021,100151,49.55,5000,11/18/2021,Yes,NCS,FKL,CT
566484,10/19/2021,100276,897.29,1000,11/18/2021,Yes,HMK,FKL,MB
566485,10/19/2021,100277,458.1,5000,11/18/2021,Yes,HMK,FKL,CT
566486,10/19/2021,100228,822.01,5000,11/18/2021,Yes,NCS,SG,CT
566487,10/19/2021,100268,69.34,5000,11/18/2021,Yes,NCS,FKL,CT
566488,10/19/2021,100260,968.31,5000,11/18/2021,Yes,HMK,FKL,CT
566489,10/19/2021,100188,507.9,5000,11/18/2021,Yes,HMK,FKL,CT
566490,10/19/2021,100315,587.91,5000,11/18/2021,Yes,HMK,FKL,CT
566491,10/19/2021,100209,710.06,5000,11/18/2021,Yes,HMK,FKL,MB
566492,10/19/2021,100113,824.01,5000,11/18/2021,Yes,NCS,FKL,MB
566493,10/19/2021,100344,1377.19,5000,11/18/2021,Yes,NCS,SG,MB
566494,10/19/2021,100232,826.4,5000,11/18/2021,Yes,HMK,FKL,CT
566495,10/19/2021,100325,693.82,5000,11/18/2021,Yes,HMK,FKL,CT
566496,10/20/2021,100226,700.92,5000,11/19/2021,Yes,NCS,FKL,CT
566497,10/20/2021,100307,975.29,5000,11/19/2021,Yes,HMK,FKL,CT
566499,10/20/2021,100316,489.12,5000,11/19/2021,Yes,HMK,FKL,CT
566500,10/20/2021,100140,1772.62,5000,11/19/2021,Yes,NCS,SG,CT
566501,10/20/2021,100349,739.87,5000,11/19/2021,Yes,HMK,FKL,CT
566503,10/22/2021,100256,2880.05,5000,11/21/2021,Yes,NCS,FKL,CT
566504,10/23/2021,100138,920.61,1000,11/22/2021,Yes,HMK,FKL,MB
566505,10/23/2021,100230,1533.28,5000,11/23/2021,Yes,HMK,FKL,MB
566506,10/23/2021,100220,2375.64,5000,11/22/2021,Yes,HMK,FKL,CT
566509,10/26/2021,100249,935.59,5000,11/25/2021,Yes,HMK,FKL,MB
566510,10/26/2021,100287,1242.07,5000,11/25/2021,Yes,HMK,SG,CT
566511,10/26/2021,100203,990.93,5000,11/25/2021,Yes,HMK,FKL,CT
566512,10/27/2021,100322,605.38,5000,11/26/2021,Yes,NCS,FKL,CT
566514,10/28/2021,100268,43.32,5000,11/27/2021,Yes,HMK,FKL,CT
566515,10/28/2021,100197,1176.3,5000,11/27/2021,Yes,HMK,FKL,CT
566516,10/28/2021,100111,2842.25,10000,11/27/2021,Yes,HMK,FKL,MB
566517,10/28/2021,100161,1605.3,5000,11/27/2021,Yes,HMK,FKL,CT
566518,10/28/2021,100324,1093.91,5000,11/27/2021,Yes,HMK,FKL,MB
566520,10/28/2021,100321,550.23,5000,11/27/2021,Yes,NCS,FKL,CT
566521,10/28/2021,100231,1670.04,5000,11/27/2021,Yes,HMK,FKL,CT
566522,10/28/2021,100140,305.86,5000,11/27/2021,Yes,HMK,FKL,CT
566523,10/28/2021,100132,1605.3,5000,11/27/2021,Yes,NCS,FKL,CT
566524,10/28/2021,100338,809.33,1000,11/27/2021,Yes,HMK,FKL,CT
566525,10/28/2021,100350,1150.07,5000,11/27/2021,Yes,HMK,FKL,MB
566526,10/28/2021,100140,1605.3,5000,11/27/2021,Yes,HMK,FKL,CT
566527,10/28/2021,100248,297.28,5000,11/27/2021,Yes,HMK,FKL,CT
566528,10/28/2021,100303,1341.6,5000,11/27/2021,Yes,NCS,FKL,MB
566529,10/28/2021,100274,346.68,5000,11/27/2021,Yes,HMK,FKL,MB
566530,10/28/2021,100187,2639.09,5000,11/27/2021,Yes,NCS,FKL,CT
566531,10/28/2021,100221,1570.82,5000,11/27/2021,Yes,NCS,FKL,CT
566532,10/28/2021,100140,1276.29,5000,11/27/2021,Yes,HMK,FKL,CT
566533,10/28/2021,100211,672.35,5000,11/27/2021,Yes,HMK,SG,CT
566534,10/28/2021,100210,216.85,5000,11/27/2021,Yes,HMK,SG,MB
566535,10/28/2021,100266,1093.66,5000,11/27/2021,Yes,HMK,SG,CT
566536,10/29/2021,100325,1159.27,5000,11/28/2021,Yes,NCS,FKL,CT
566537,10/29/2021,100152,449.77,1000,11/28/2021,Yes,HMK,FKL,MB
566538,10/29/2021,100114,811.32,1000,11/28/2021,Yes,HMK,FKL,CT
566539,10/29/2021,100216,898.78,5000,11/28/2021,Yes,HMK,FKL,CT
566540,10/29/2021,100284,969.14,5000,11/28/2021,Yes,NCS,FKL,CT
566542,10/29/2021,100200,198.18,5000,11/28/2021,Yes,NCS,SG,CT
566543,10/30/2021,100232,1605.3,5000,11/29/2021,Yes,HMK,FKL,CT
566544,10/30/2021,100178,992.2,5000,11/29/2021,Yes,HMK,SG,CT
566545,10/30/2021,100239,66.04,5000,11/29/2021,Yes,HMK,FKL,MB
566546,10/30/2021,100268,713.21,5000,11/29/2021,Yes,HMK,FKL,MB
566547,10/30/2021,100296,1866.73,5000,11/29/2021,Yes,HMK,FKL,CT
566548,10/30/2021,100224,1783.67,5000,11/29/2021,Yes,HMK,FKL,CT
566549,10/30/2021,100192,520.06,1000,11/29/2021,Yes,HMK,FKL,MB
566551,10/30/2021,100109,1437.14,5000,11/29/2021,Yes,HMK,FKL,CT
566552,10/30/2021,100140,210.95,5000,11/29/2021,Yes,HMK,FKL,HMK
566553,10/30/2021,100123,376.43,5000,11/29/2021,Yes,HMK,FKL,CT
566554,10/30/2021,100291,650.62,5000,11/29/2021,Yes,HMK,FKL,MB
566555,10/30/2021,100217,1565.62,5000,11/29/2021,Yes,HMK,FKL,CT
566556,10/30/2021,100247,855.63,5000,11/29/2021,Yes,NCS,FKL,CT
566559,10/30/2021,100211,944.93,5000,11/29/2021,Yes,HMK,FKL,CT
566560,11/02/2021,100214,792.57,5000,12/02/2021,Yes,HMK,FKL,MB
566561,11/02/2021,100281,297.28,1000,12/02/2021,Yes,HMK,SG,CT
566562,11/02/2021,100140,2337.27,5000,12/02/2021,Yes,HMK,SG,MB
566563,11/02/2021,100115,1016.63,5000,12/02/2021,Yes,HMK,SG,MB
566564,11/02/2021,100132,860.98,5000,12/02/2021,Yes,NCS,SG,CT
566565,11/02/2021,100140,1276.29,5000,12/02/2021,Yes,HMK,SG,CT
566566,11/02/2021,100297,631.23,5000,12/02/2021,Yes,HMK,FKL,CT
566568,11/02/2021,100225,705.05,1000,12/02/2021,Yes,HMK,SG,CT
566569,11/02/2021,100185,962.44,5000,12/02/2021,Yes,HMK,FKL,CT
566570,11/02/2021,100343,3899.35,5000,12/02/2021,Yes,HMK,SG,CT
566571,11/02/2021,100280,895.09,5000,12/02/2021,Yes,NCS,SG,CT
566572,11/02/2021,100315,1482.69,5000,12/02/2021,Yes,HMK,FKL,CT
566573,11/02/2021,100144,1932.2,5000,12/02/2021,Yes,HMK,FKL,CT
566574,11/02/2021,100170,1315.56,5000,12/02/2021,Yes,HMK,FKL,CT
566575,11/02/2021,100180,4165.02,5000,12/02/2021,Yes,HMK,FKL,CT
566576,11/02/2021,100145,1363.69,5000,12/02/2021,Yes,HMK,SG,MB
566577,11/02/2021,100124,703.17,5000,12/02/2021,Yes,NCS,FKL,MB
566579,11/04/2021,100256,2131.03,5000,12/04/2021,Yes,HMK,FKL,CT
566580,11/04/2021,100250,898.13,5000,12/04/2021,Yes,NCS,FKL,MB
566581,11/04/2021,100175,4102.43,5000,12/04/2021,Yes,HMK,FKL,CT
566582,11/04/2021,100116,996.43,5000,12/04/2021,Yes,HMK,FKL,CT
566583,11/04/2021,100137,425.75,5000,12/04/2021,Yes,HMK,SG,CT
566584,11/04/2021,100276,783.01,1000,12/04/2021,Yes,HMK,MB,CT
566585,11/04/2021,100120,892.97,5000,12/04/2021,Yes,NCS,FKL,CT
566586,11/04/2021,100213,2087.3,5000,12/04/2021,No,HMK,FKL,HMK
566587,11/04/2021,100286,2064.34,5000,12/04/2021,Yes,HMK,FKL,CT
566588,11/04/2021,100322,440.07,5000,12/04/2021,Yes,NCS,FKL,CT
566589,11/04/2021,100140,482.99,5000,12/04/2021,Yes,HMK,FKL,CT
566590,11/04/2021,100331,36.33,5000,12/04/2021,Yes,HMK,SG,MB
566591,11/04/2021,100184,862.3,5000,12/04/2021,Yes,HMK,SG,MB
566592,11/04/2021,100329,559.26,5000,12/04/2021,Yes,NCS,FKL,CT
566593,11/04/2021,100269,509.45,5000,12/04/2021,Yes,HMK,FKL,CT
566594,11/04/2021,100225,12.04,1000,12/04/2021,Yes,HMK,FKL,CT
566595,11/04/2021,100154,1692.71,5000,12/04/2021,Yes,HMK,FKL,CT
566597,11/04/2021,100275,589.01,1000,12/04/2021,Yes,HMK,FKL,CT
566598,11/04/2021,100219,737.13,1000,12/04/2021,Yes,HMK,FKL,CT
566599,11/04/2021,100321,4459.17,5000,12/04/2021,Yes,HMK,FKL,CT
566600,11/04/2021,100220,132.08,5000,12/04/2021,Yes,NCS,SG,MB
566601,11/04/2021,100224,2545.86,5000,12/04/2021,Yes,HMK,FKL,MB
566602,11/05/2021,100216,998.3,5000,12/05/2021,Yes,HMK,SG,CT
566603,11/05/2021,100140,282.33,5000,12/05/2021,Yes,HMK,FKL,CT
566604,11/05/2021,100321,447.97,5000,12/05/2021,Yes,NCS,FKL,CT
566605,11/05/2021,100108,402,5000,12/05/2021,Yes,HMK,FKL,MB
566606,11/05/2021,100161,550.49,5000,12/05/2021,Yes,HMK,FKL,CT
566607,11/05/2021,100148,2601.37,5000,12/05/2021,Yes,HMK,SG,HMK
566608,11/05/2021,100305,1188.24,4000,12/05/2021,Yes,HMK,SG,CT
566609,11/05/2021,100177,1543.41,5000,12/05/2021,Yes,HMK,FKL,MB
566610,11/05/2021,100297,658.77,5000,12/05/2021,Yes,HMK,FKL,MB
566611,11/05/2021,100272,451.72,5000,12/05/2021,Yes,HMK,FKL,CT
566612,11/05/2021,100179,43.32,5000,12/05/2021,Yes,HMK,FKL,MB
566614,11/05/2021,100141,763.32,500,12/05/2021,No,HMK,SG,CT
566615,11/05/2021,100313,1428.06,5000,12/05/2021,Yes,HMK,FKL,CT
566616,11/05/2021,100125,1515.16,5000,12/05/2021,Yes,HMK,FKL,CT
566617,11/05/2021,100141,31.95,500,12/05/2021,Yes,HMK,SG,CT
566618,11/05/2021,100140,173.31,5000,12/05/2021,Yes,HMK,FKL,MB
566619,11/05/2021,100209,2318.77,5000,12/05/2021,Yes,HMK,SG,MB
566620,11/05/2021,100110,1211.56,5000,12/05/2021,Yes,HMK,FKL,CT
566621,11/05/2021,100198,527.17,5000,12/05/2021,Yes,HMK,FKL,CT
566622,11/05/2021,100339,1605.3,5000,12/05/2021,Yes,HMK,FKL,MB
566624,11/06/2021,100105,2367.56,1000,12/06/2021,Yes,NCS,FKL,CT
566625,11/06/2021,100348,1325.7,2000,12/06/2021,Yes,HMK,FKL,MB
566626,11/06/2021,100315,3543.76,5000,12/06/2021,Yes,HMK,SG,CT
566627,11/06/2021,100228,1029.12,5000,12/06/2021,Yes,HMK,FKL,MB
566630,11/09/2021,100104,623.7,5000,12/09/2021,Yes,HMK,FKL,CT
566631,11/09/2021,100261,825.23,5000,12/09/2021,Yes,HMK,FKL,CT
566632,11/09/2021,100140,198.13,5000,12/09/2021,Yes,HMK,FKL,MB
566633,11/09/2021,100287,699.1,5000,12/09/2021,Yes,NCS,FKL,CT
566634,11/09/2021,100102,590.19,5000,12/09/2021,Yes,NCS,SG,CT
566635,11/09/2021,100234,463.5,5000,12/09/2021,Yes,NCS,FKL,MB
566636,11/09/2021,100250,1102.41,5000,12/09/2021,Yes,HMK,FKL,CT
566638,11/09/2021,100223,1094,5000,12/09/2021,Yes,HMK,FKL,CT
566639,11/09/2021,100237,602.21,5000,12/09/2021,Yes,HMK,SG,CT
566640,11/09/2021,100212,895.97,5000,12/09/2021,Yes,HMK,FKL,MB
566641,11/09/2021,100261,554.46,5000,12/09/2021,Yes,NCS,FKL,MB
566642,11/09/2021,100305,984.76,4000,12/09/2021,Yes,HMK,FKL,CT
566646,11/12/2021,100310,49.55,5000,12/12/2021,Yes,HMK,FKL,MB
566647,11/12/2021,100146,448.07,5000,12/12/2021,Yes,HMK,FKL,MB
566648,11/12/2021,100146,514.17,5000,12/12/2021,Yes,NCS,FKL,CT
566649,11/12/2021,100182,910.68,5000,12/12/2021,Yes,HMK,FKL,MB
566650,11/12/2021,100283,132.08,5000,12/12/2021,Yes,NCS,FKL,CT
566651,11/12/2021,100227,36.33,5000,12/12/2021,Yes,HMK,FKL,MB
566652,11/12/2021,100110,470.3,5000,12/12/2021,Yes,HMK,FKL,CT
566654,11/12/2021,100340,925.3,5000,12/12/2021,Yes,NCS,FKL,CT
566655,11/12/2021,100294,888.41,5000,12/12/2021,Yes,HMK,FKL,CT
566656,11/12/2021,100244,66.04,1000,12/12/2021,Yes,HMK,SG,CT
566657,11/12/2021,100168,880.31,5000,12/12/2021,Yes,HMK,SG,MB
566658,11/12/2021,100335,1338.03,5000,12/12/2021,Yes,HMK,FKL,CT
566659,11/12/2021,100285,3439.84,5000,12/12/2021,Yes,HMK,FKL,CT
566660,11/12/2021,100303,642.24,5000,12/12/2021,Yes,HMK,FKL,CT
566661,11/12/2021,100180,43.32,5000,12/12/2021,Yes,HMK,FKL,CT
566662,11/12/2021,100107,743.2,1000,12/12/2021,Yes,HMK,FKL,CT
566663,11/12/2021,100298,934.21,5000,12/12/2021,Yes,HMK,FKL,MB
566664,11/12/2021,100198,586.49,5000,12/12/2021,Yes,HMK,SG,CT
566665,11/12/2021,100153,2225.42,1000,12/12/2021,Yes,HMK,FKL,CT
566666,11/12/2021,100218,2321.51,5000,12/12/2021,Yes,HMK,FKL,CT
566667,11/12/2021,100131,3281.58,5000,12/12/2021,Yes,NCS,SG,CT
566668,11/13/2021,100140,4581.72,5000,12/13/2021,Yes,HMK,FKL,HMK
566672,11/16/2021,100326,614.16,5000,12/16/2021,Yes,NCS,FKL,CT
566673,11/16/2021,100123,1982.62,5000,12/16/2021,Yes,HMK,FKL,MB
566674,11/16/2021,100253,891.85,5000,12/16/2021,Yes,HMK,FKL,CT
566675,11/16/2021,100123,776.98,5000,12/16/2021,Yes,HMK,SG,MB
566677,11/16/2021,100168,883.39,5000,12/16/2021,Yes,HMK,SG,MB
566678,11/16/2021,100200,449.54,5000,12/16/2021,Yes,HMK,FKL,CT
566679,11/16/2021,100140,438.35,5000,12/16/2021,Yes,HMK,FKL,CT
566680,11/16/2021,100106,2401.74,5000,12/16/2021,Yes,HMK,FKL,CT
566681,11/17/2021,100260,1164.83,5000,12/17/2021,Yes,HMK,FKL,CT
566682,11/17/2021,100283,173.29,5000,12/17/2021,Yes,HMK,FKL,CT
566683,11/17/2021,100140,98.56,5000,12/17/2021,Yes,HMK,FKL,MB
566684,11/17/2021,100203,1069.94,5000,12/17/2021,Yes,HMK,SG,CT
566685,11/17/2021,100175,2142.61,5000,12/17/2021,Yes,HMK,FKL,CT
566687,11/18/2021,100153,2231.32,5000,12/18/2021,Yes,NCS,SG,CT
566688,11/18/2021,100140,2747.52,5000,12/18/2021,Yes,HMK,FKL,CT
566689,11/18/2021,100279,1377.65,5000,12/18/2021,Yes,HMK,FKL,CT
566690,11/18/2021,100225,519.59,1000,12/18/2021,Yes,HMK,FKL,MB
566691,11/18/2021,100317,66.04,1000,12/18/2021,Yes,HMK,FKL,MB
566692,11/18/2021,100286,37.61,5000,12/18/2021,Yes,HMK,FKL,CT
566693,11/18/2021,100291,1036.49,5000,12/18/2021,Yes,HMK,FKL,CT
566694,11/18/2021,100309,949.09,5000,12/18/2021,Yes,NCS,FKL,CT
566695,11/18/2021,100199,75.24,5000,12/18/2021,Yes,HMK,FKL,CT
566696,11/18/2021,100191,2960.47,5000,12/18/2021,Yes,HMK,FKL,MB
566697,11/18/2021,100198,483.12,5000,12/18/2021,Yes,HMK,FKL,MB
566699,11/18/2021,100125,1093.93,5000,12/18/2021,Yes,NCS,SG,CT
566700,11/19/2021,100201,2215.9,5000,12/19/2021,Yes,HMK,FKL,CT
566701,11/19/2021,100303,842.91,5000,12/19/2021,Yes,HMK,FKL,CT
566702,11/19/2021,100140,4603.26,5000,12/19/2021,Yes,HMK,FKL,HMK
566703,11/19/2021,100140,3357.86,5000,12/19/2021,Yes,HMK,FKL,CT
566704,11/19/2021,100188,1219.74,5000,12/19/2021,Yes,HMK,FKL,MB
566705,11/19/2021,100238,1584.77,5000,12/19/2021,Yes,HMK,FKL,CT
566707,11/19/2021,100140,356.66,5000,12/19/2021,Yes,HMK,FKL,CT
566708,11/19/2021,100258,2326.66,5000,12/19/2021,Yes,HMK,FKL,CT
566709,11/19/2021,100255,1523.93,5000,12/19/2021,Yes,HMK,FKL,CT
566710,11/19/2021,100282,688.73,5000,12/19/2021,Yes,HMK,FKL,CT
566711,11/19/2021,100168,2586.02,1000,12/19/2021,No,HMK,FKL,HMK
566712,11/19/2021,100223,1425.73,5000,12/19/2021,Yes,HMK,FKL,MB
566713,11/19/2021,100330,1579.51,5000,12/19/2021,Yes,NCS,SG,CT
566714,11/19/2021,100290,564.96,5000,12/19/2021,Yes,HMK,SG,CT
566717,11/23/2021,100282,491.94,5000,12/23/2021,Yes,HMK,SG,CT
566718,11/23/2021,100265,185.17,1000,12/23/2021,Yes,HMK,SG,CT
566719,11/23/2021,100181,206.36,5000,12/23/2021,Yes,HMK,FKL,CT
566720,11/23/2021,100341,1109.81,5000,12/23/2021,Yes,HMK,FKL,CT
566721,11/23/2021,100251,1258.52,1000,12/23/2021,Yes,HMK,FKL,MB
566722,11/23/2021,100349,1750.56,5000,12/23/2021,Yes,HMK,SG,MB
566723,11/23/2021,100289,840.06,2000,12/23/2021,Yes,NCS,FKL,MB
566724,11/23/2021,100181,1223.3,5000,12/23/2021,Yes,NCS,SG,CT
566725,11/23/2021,100316,542.13,5000,12/23/2021,Yes,HMK,FKL,CT
566726,11/23/2021,100212,1084.12,5000,12/23/2021,Yes,HMK,FKL,MB
566727,11/25/2021,100180,5206.79,5000,12/25/2021,Yes,HMK,FKL,MB
566728,11/25/2021,100114,78.77,1000,12/25/2021,Yes,HMK,FKL,CT
566729,11/25/2021,100341,173.35,5000,12/25/2021,Yes,HMK,FKL,MB
566730,11/25/2021,100231,875.8,5000,12/25/2021,Yes,HMK,FKL,CT
566731,11/25/2021,100318,1911.15,5000,12/25/2021,Yes,NCS,FKL,CT
566732,11/25/2021,100292,33.02,5000,12/25/2021,Yes,HMK,SG,CT
566733,11/25/2021,100117,1862.82,500,12/25/2021,Yes,NCS,FKL,CT
566734,11/25/2021,100140,2742.74,5000,12/25/2021,Yes,HMK,SG,MB
566735,11/25/2021,100236,1262.71,5000,12/25/2021,Yes,NCS,SG,MB
566736,11/25/2021,100120,947.75,5000,12/25/2021,Yes,HMK,FKL,CT
566737,11/25/2021,100262,869.76,5000,12/25/2021,Yes,NCS,FKL,MB
566738,11/25/2021,100300,198.13,500,12/25/2021,Yes,HMK,FKL,MB
566739,11/25/2021,100342,537,5000,12/25/2021,Yes,HMK,FKL,MB
566740,11/25/2021,100154,494.98,5000,12/25/2021,Yes,HMK,FKL,MB
566741,11/25/2021,100227,1347.18,5000,12/25/2021,Yes,HMK,FKL,MB
566742,11/25/2021,100164,709.05,5000,12/25/2021,Yes,HMK,FKL,CT
566743,11/25/2021,100248,1404.09,5000,12/25/2021,Yes,NCS,FKL,CT
566744,11/25/2021,100140,1276.29,5000,12/25/2021,Yes,HMK,FKL,CT
566745,11/25/2021,100137,1505.22,5000,12/25/2021,Yes,HMK,SG,CT
566746,11/25/2021,100310,189.76,5000,12/25/2021,Yes,NCS,FKL,CT
566747,11/26/2021,100117,2189.66,500,12/26/2021,Yes,HMK,FKL,CT
566748,11/26/2021,100175,2665.32,5000,12/26/2021,Yes,HMK,SG,CT
566749,11/26/2021,100158,33.02,2000,12/26/2021,Yes,HMK,FKL,CT
566750,11/26/2021,100330,710.17,5000,12/26/2021,Yes,NCS,FKL,CT
566751,11/26/2021,100210,463.95,5000,12/26/2021,Yes,HMK,FKL,MB
566752,11/26/2021,100314,18.55,5000,12/26/2021,Yes,NCS,FKL,MB
566753,11/26/2021,100170,825.57,5000,12/26/2021,Yes,HMK,FKL,CT
566754,11/26/2021,100325,438.63,5000,12/26/2021,Yes,HMK,FKL,CT
566755,11/26/2021,100332,2943.84,5000,12/26/2021,Yes,HMK,FKL,CT
566756,11/26/2021,100197,884.38,5000,12/26/2021,Yes,NCS,FKL,MB
566757,11/26/2021,100105,561.45,1000,12/26/2021,Yes,HMK,FKL,CT
566758,11/27/2021,100175,1631.04,5000,12/27/2021,Yes,HMK,FKL,MB
566759,11/27/2021,100237,920.82,5000,12/27/2021,Yes,NCS,FKL,MB
566760,11/27/2021,100140,421.88,5000,12/27/2021,Yes,HMK,FKL,MB
566761,11/27/2021,100171,814.91,5000,12/27/2021,Yes,HMK,SG,CT
566762,11/27/2021,100291,843.12,5000,12/27/2021,Yes,NCS,FKL,MB
566763,11/27/2021,100306,416.57,5000,12/27/2021,Yes,HMK,SG,MB
566764,11/27/2021,100227,792.42,5000,12/27/2021,Yes,HMK,FKL,MB
566765,11/27/2021,100264,1223.61,5000,12/27/2021,Yes,HMK,FKL,CT
566766,11/27/2021,100221,495.46,5000,12/27/2021,Yes,HMK,FKL,MB
566767,11/27/2021,100157,1076.53,5000,12/27/2021,Yes,HMK,FKL,CT
566768,12/01/2021,100140,458.39,5000,12/31/2021,Yes,HMK,SG,CT
566769,12/01/2021,100311,842.09,5000,12/31/2021,Yes,NCS,FKL,CT
566770,12/01/2021,100226,155.14,5000,12/31/2021,Yes,HMK,FKL,CT
566771,12/01/2021,100140,1616.85,5000,12/31/2021,Yes,HMK,SG,MB
566772,12/01/2021,100264,593.1,5000,12/31/2021,Yes,NCS,FKL,CT
566773,12/01/2021,100315,1862.23,5000,12/31/2021,Yes,HMK,FKL,MB
566774,12/01/2021,100348,602.22,2000,12/31/2021,Yes,HMK,SG,CT
566775,12/06/2021,100209,273.57,5000,01/05/2022,Yes,NCS,FKL,MB
566776,12/07/2021,100245,2686.72,5000,01/06/2022,Yes,NCS,SG,CT
566777,12/07/2021,100244,263.42,1000,01/06/2022,Yes,HMK,FKL,CT
566778,12/08/2021,100189,53.48,5000,01/07/2022,Yes,HMK,FKL,MB
566779,12/08/2021,100155,6123.75,10000,01/07/2022,Yes,HMK,FKL,MB
566780,12/08/2021,100205,5459.03,10000,01/07/2022,Yes,HMK,FKL,CT
566781,12/08/2021,100349,640.15,5000,01/07/2022,Yes,HMK,FKL,MB
566782,12/08/2021,100280,2626.66,5000,01/07/2022,Yes,HMK,FKL,CT
566783,12/09/2021,100294,201.26,5000,01/08/2022,Yes,NCS,FKL,CT
566784,12/09/2021,100230,183.42,5000,01/08/2022,Yes,HMK,SG,CT
566785,12/09/2021,100216,2650.41,5000,01/08/2022,Yes,NCS,FKL,CT
566786,12/09/2021,100309,673.86,5000,01/08/2022,Yes,HMK,SG,MB
566787,12/09/2021,100225,975.93,1000,01/08/2022,Yes,NCS,SG,MB
566788,12/09/2021,100233,458.29,500,01/08/2022,Yes,HMK,FKL,CT
566789,12/10/2021,100259,5744.83,5000,01/09/2022,Yes,NCS,FKL,MB
566790,12/10/2021,100270,2068.14,5000,01/09/2022,Yes,HMK,FKL,MB
566791,12/10/2021,100333,206.65,1000,01/09/2022,Yes,HMK,FKL,MB
566792,12/10/2021,100274,1768.98,5000,01/09/2022,Yes,HMK,FKL,MB
566793,12/10/2021,100260,372.98,5000,01/09/2022,Yes,HMK,FKL,MB
566794,12/10/2021,100168,800.64,5000,01/09/2022,Yes,HMK,FKL,CT
566795,12/10/2021,100102,1204.63,5000,01/09/2022,Yes,NCS,FKL,CT
566796,12/10/2021,100269,73.78,5000,01/09/2022,Yes,HMK,FKL,CT
566797,12/11/2021,100152,2239.8,1000,01/10/2022,Yes,HMK,SG,CT
566798,12/11/2021,100188,149.28,5000,01/10/2022,Yes,NCS,FKL,CT
566799,12/11/2021,100150,1284.33,10000,01/10/2022,Yes,HMK,FKL,CT
566800,12/12/2021,100282,466.02,5000,01/11/2022,Yes,HMK,SG,CT
566801,12/12/2021,100202,1302.16,10000,01/11/2022,Yes,HMK,FKL,CT
566802,12/13/2021,100163,1473.98,1500,01/12/2022,Yes,NCS,FKL,CT
566803,12/13/2021,100305,91.9,4000,01/12/2022,Yes,HMK,FKL,MB
566804,12/15/2021,100346,107.12,5000,01/14/2022,Yes,NCS,FKL,MB
566805,12/17/2021,100345,1951.03,5000,01/16/2022,Yes,HMK,FKL,CT
566806,12/18/2021,100111,1371.2,10000,01/17/2022,Yes,HMK,FKL,CT
566807,12/19/2021,100219,2868.26,1000,01/18/2022,Yes,HMK,FKL,CT
566808,12/20/2021,100177,1203.69,5000,01/19/2022,Yes,NCS,FKL,MB
566809,12/21/2021,100148,771.15,5000,01/20/2022,Yes,HMK,FKL,CT
566810,12/22/2021,100122,482.15,1000,01/21/2022,Yes,HMK,FKL,MB
566811,12/23/2021,100111,29.69,10000,01/22/2022,Yes,NCS,FKL,MB
566812,12/24/2021,100301,45.21,5000,01/23/2022,Yes,HMK,FKL,MB
566813,12/25/2021,100341,103.21,5000,01/24/2022,Yes,HMK,SG,CT
566814,12/25/2021,100191,534.14,5000,01/24/2022,Yes,NCS,FKL,MB
566815,12/26/2021,100229,575.02,1000,01/25/2022,Yes,HMK,SG,MB
566816,12/26/2021,100349,1156.48,5000,01/25/2022,Yes,HMK,FKL,MB
566817,12/27/2021,100342,2619.24,5000,01/26/2022,Yes,HMK,FKL,CT
566818,12/27/2021,100167,939.11,5000,01/26/2022,Yes,HMK,FKL,MB
566819,12/28/2021,100194,196.12,500,01/27/2022,Yes,HMK,FKL,CT
566820,12/28/2021,100278,944.31,1000,01/27/2022,Yes,HMK,SG,CT
566821,12/29/2021,100348,5050.51,2000,01/28/2022,Yes,NCS,FKL,CT
566822,12/29/2021,100266,680.89,5000,01/28/2022,Yes,HMK,FKL,CT
566823,12/30/2021,100100,0.99,5000,01/29/2022,Yes,HMK,SG,MB
566824,12/30/2021,100176,2835.65,5000,01/29/2022,Yes,NCS,FKL,CT
566825,12/31/2021,100311,2490.83,5000,01/30/2022,Yes,HMK,FKL,MB
566826,12/31/2021,100202,2083.34,10000,01/30/2022,Yes,HMK,SG,CT
